Hora de inicio,Hora de fin
09:30,09:32
09:32,09:34
09:34,09:36
09:36,09:38
09:38,09:40
09:40,09:42
09:42,09:44
09:44,09:46
09:46,09:48
09:48,09:50
09:50,09:52
09:52,09:54
09:54,09:56
09:56,09:58
09:58,10:00
10:00,10:02
10:02,10:04
10:04,10:06
10:06,10:08
10:08,10:10
10:10,10:12
10:12,10:14
10:14,10:16
10:16,10:18
10:18,10:20
10:20,10:22
10:22,10:24
10:24,10:26
10:26,10:28
10:28,10:30
10:30,10:32
10:32,10:34
10:34,10:36
10:36,10:38
10:38,10:40
10:40,10:42
10:42,10:44
10:44,10:46
10:46,10:48
10:48,10:50
10:50,10:52
10:52,10:54
10:54,10:56
10:56,10:58
10:58,11:00
11:00,11:02
11:02,11:04
11:04,11:06
11:06,11:08
11:08,11:10
11:10,11:12
11:12,11:14
11:14,11:16
11:16,11:18
11:18,11:20
11:20,11:22
11:22,11:24
11:24,11:26
11:26,11:28
11:28,11:30
11:30,11:32
11:32,11:34
11:34,11:36
11:36,11:38
11:38,11:40
11:40,11:42
11:42,11:44
11:44,11:46
11:46,11:48
11:48,11:50
11:50,11:52
11:52,11:54
11:54,11:56
11:56,11:58
11:58,12:00
12:00,12:02
12:02,12:04
12:04,12:06
12:06,12:08
12:08,12:10
12:10,12:12
12:12,12:14
12:14,12:16
12:16,12:18
12:18,12:20
12:20,12:22
12:22,12:24
12:24,12:26
12:26,12:28
12:28,12:30
12:30,12:32
12:32,12:34
12:34,12:36
12:36,12:38
12:38,12:40
12:40,12:42
12:42,12:44
12:44,12:46
12:46,12:48
12:48,12:50
12:50,12:52
12:52,12:54
12:54,12:56
12:56,12:58
12:58,13:00
13:00,13:02
13:02,13:04
13:04,13:06
13:06,13:08
13:08,13:10
13:10,13:12
13:12,13:14
13:14,13:16
13:16,13:18
13:18,13:20
13:20,13:22
13:22,13:24
13:24,13:26
13:26,13:28
13:28,13:30
13:30,13:32
13:32,13:34
13:34,13:36
13:36,13:38
13:38,13:40
13:40,13:42
13:42,13:44
13:44,13:46
13:46,13:48
13:48,13:50
13:50,13:52
13:52,13:54
13:54,13:56
13:56,13:58
13:58,14:00
14:00,14:02
14:02,14:04
14:04,14:06
14:06,14:08
14:08,14:10
14:10,14:12
14:12,14:14
14:14,14:16
14:16,14:18
14:18,14:20
14:20,14:22
14:22,14:24
14:24,14:26
14:26,14:28
14:28,14:30
14:30,14:32
14:32,14:34
14:34,14:36
14:36,14:38
14:38,14:40
14:40,14:42
14:42,14:44
14:44,14:46
14:46,14:48
14:48,14:50
14:50,14:52
14:52,14:54
14:54,14:56
14:56,14:58
14:58,15:00